mc	mn	quarterbeats	duration_qb	mc_onset	mn_onset	timesig	staff	voice	duration	gracenote	tremolo	nominal_duration	scalar	tied	tpc	midi	name	octave	chord_id
1	1	0	0.5	0	0	2/4	3	1	1/8			1/8	1		5	47	B2	2	2
1	1	0	0.5	0	0	2/4	3	1	1/8			1/8	1		6	54	F#3	3	2
1	1	1/2	0.5	1/8	1/8	2/4	3	1	1/8			1/8	1		5	47	B2	2	3
1	1	1/2	0.5	1/8	1/8	2/4	3	1	1/8			1/8	1		6	54	F#3	3	3
1	1	1	0.5	1/4	1/4	2/4	2	1	1/8			1/8	1		2	62	D4	4	0
1	1	1	0.5	1/4	1/4	2/4	2	1	1/8			1/8	1		5	71	B4	4	0
1	1	3/2	0.5	3/8	3/8	2/4	2	1	1/8			1/8	1		2	62	D4	4	1
1	1	3/2	0.5	3/8	3/8	2/4	2	1	1/8			1/8	1		5	71	B4	4	1
2	2	2	0.5	0	0	2/4	3	1	1/8			1/8	1		5	47	B2	2	6
2	2	2	0.5	0	0	2/4	3	1	1/8			1/8	1		6	54	F#3	3	6
2	2	5/2	0.5	1/8	1/8	2/4	3	1	1/8			1/8	1		5	47	B2	2	7
2	2	5/2	0.5	1/8	1/8	2/4	3	1	1/8			1/8	1		6	54	F#3	3	7
2	2	3	0.5	1/4	1/4	2/4	2	1	1/8			1/8	1		2	62	D4	4	4
2	2	3	0.5	1/4	1/4	2/4	2	1	1/8			1/8	1		6	66	F#4	4	4
2	2	7/2	0.5	3/8	3/8	2/4	2	1	1/8			1/8	1		2	62	D4	4	5
2	2	7/2	0.5	3/8	3/8	2/4	2	1	1/8			1/8	1		6	66	F#4	4	5
3	3	4	0.5	0	0	2/4	3	1	1/8			1/8	1		5	47	B2	2	11
3	3	4	0.5	0	0	2/4	3	1	1/8			1/8	1		1	55	G3	3	11
3	3	9/2	0.5	1/8	1/8	2/4	3	1	1/8			1/8	1		5	47	B2	2	12
3	3	9/2	0.5	1/8	1/8	2/4	3	1	1/8			1/8	1		1	55	G3	3	12
3	3	5	0.5	1/4	1/4	2/4	2	1	1/8			1/8	1		7	61	C#4	4	8
3	3	5	0.5	1/4	1/4	2/4	2	1	1/8			1/8	1		4	64	E4	4	8
3	3	11/2	0.25	3/8	3/8	2/4	2	1	1/16			1/16	1		5	59	B3	3	9
3	3	11/2	0.25	3/8	3/8	2/4	2	1	1/16			1/16	1		2	62	D4	4	9
3	3	23/4	0.25	7/16	7/16	2/4	2	1	1/16			1/16	1		10	58	A#3	3	10
3	3	23/4	0.25	7/16	7/16	2/4	2	1	1/16			1/16	1		7	61	C#4	4	10
4	4	6	0.5	0	0	2/4	3	1	1/8			1/8	1		5	47	B2	2	17
4	4	6	0.5	0	0	2/4	3	1	1/8			1/8	1		6	54	F#3	3	17
4	4	6	0.5	0	0	2/4	2	1	1/8			1/8	1		5	59	B3	3	13
4	4	6	0.5	0	0	2/4	2	1	1/8			1/8	1		2	62	D4	4	13
4	4	13/2	0.5	1/8	1/8	2/4	3	1	1/8			1/8	1		5	47	B2	2	18
4	4	13/2	0.5	1/8	1/8	2/4	3	1	1/8			1/8	1		6	54	F#3	3	18
4	4	7	0.5	1/4	1/4	2/4	2	1	1/8			1/8	1		6	66	F#4	4	14
4	4	7	0.5	1/4	1/4	2/4	2	1	1/8			1/8	1		2	74	D5	5	14
4	4	15/2	0.25	3/8	3/8	2/4	2	1	1/16			1/16	1		4	64	E4	4	15
4	4	15/2	0.25	3/8	3/8	2/4	2	1	1/16			1/16	1		7	73	C#5	5	15
4	4	31/4	0.25	7/16	7/16	2/4	2	1	1/16			1/16	1		2	62	D4	4	16
4	4	31/4	0.25	7/16	7/16	2/4	2	1	1/16			1/16	1		5	71	B4	4	16
5	5	8	0.5	0	0	2/4	3	1	1/8			1/8	1		5	47	B2	2	23
5	5	8	0.5	0	0	2/4	3	1	1/8			1/8	1		1	55	G3	3	23
5	5	8	0.5	0	0	2/4	2	1	1/8			1/8	1		4	64	E4	4	19
5	5	8	0.5	0	0	2/4	2	1	1/8			1/8	1		7	73	C#5	5	19
5	5	17/2	0.5	1/8	1/8	2/4	3	1	1/8			1/8	1		5	47	B2	2	24
5	5	17/2	0.5	1/8	1/8	2/4	3	1	1/8			1/8	1		1	55	G3	3	24
5	5	9	0.5	1/4	1/4	2/4	2	1	1/8			1/8	1		7	61	C#4	4	20
5	5	9	0.5	1/4	1/4	2/4	2	1	1/8			1/8	1		4	64	E4	4	20
5	5	19/2	0.25	3/8	3/8	2/4	2	1	1/16			1/16	1		5	59	B3	3	21
5	5	19/2	0.25	3/8	3/8	2/4	2	1	1/16			1/16	1		2	62	D4	4	21
5	5	39/4	0.25	7/16	7/16	2/4	2	1	1/16			1/16	1		10	58	A#3	3	22
5	5	39/4	0.25	7/16	7/16	2/4	2	1	1/16			1/16	1		7	61	C#4	4	22
6	6	10	0.5	0	0	2/4	3	1	1/8			1/8	1		5	47	B2	2	29
6	6	10	0.5	0	0	2/4	3	1	1/8			1/8	1		6	54	F#3	3	29
6	6	10	0.5	0	0	2/4	2	1	1/8			1/8	1		5	59	B3	3	26
6	6	10	0.5	0	0	2/4	2	1	1/8			1/8	1		2	62	D4	4	26
6	6	21/2	0.5	1/8	1/8	2/4	3	1	1/8			1/8	1		5	47	B2	2	30
6	6	21/2	0.5	1/8	1/8	2/4	3	1	1/8			1/8	1		6	54	F#3	3	30
6	6	11	0.5	1/4	1/4	2/4	2	1	1/8			1/8	1		2	62	D4	4	27
6	6	11	0.5	1/4	1/4	2/4	2	1	1/8			1/8	1		5	71	B4	4	27
6	6	23/2	0.5	3/8	3/8	2/4	2	1	1/8			1/8	1		2	62	D4	4	28
6	6	23/2	0.5	3/8	3/8	2/4	1	1	1/8			1/8	1		6	66	F#4	4	25
6	6	23/2	0.5	3/8	3/8	2/4	2	1	1/8			1/8	1		5	71	B4	4	28
7	7	12	0.5	0	0	2/4	3	1	1/8			1/8	1		5	47	B2	2	39
7	7	12	0.5	0	0	2/4	3	1	1/8			1/8	1		6	54	F#3	3	39
7	7	12	0.75	0	0	2/4	1	1	3/16			1/8	3/2		6	66	F#4	4	31
7	7	25/2	0.5	1/8	1/8	2/4	3	1	1/8			1/8	1		5	47	B2	2	40
7	7	25/2	0.5	1/8	1/8	2/4	3	1	1/8			1/8	1		6	54	F#3	3	40
7	7	51/4	0.25	3/16	3/16	2/4	1	1	1/16			1/16	1		1	67	G4	4	32
7	7	13	0.5	1/4	1/4	2/4	2	1	1/8			1/8	1		2	62	D4	4	37
7	7	13	0.25	1/4	1/4	2/4	1	1	1/16			1/16	1		6	66	F#4	4	33
7	7	13	0.5	1/4	1/4	2/4	2	1	1/8			1/8	1		5	71	B4	4	37
7	7	53/4	0.25	5/16	5/16	2/4	1	1	1/16			1/16	1		1	67	G4	4	34
7	7	27/2	0.5	3/8	3/8	2/4	2	1	1/8			1/8	1		2	62	D4	4	38
7	7	27/2	0.25	3/8	3/8	2/4	1	1	1/16			1/16	1		6	66	F#4	4	35
7	7	27/2	0.5	3/8	3/8	2/4	2	1	1/8			1/8	1		5	71	B4	4	38
7	7	55/4	0.25	7/16	7/16	2/4	1	1	1/16			1/16	1		5	71	B4	4	36
8	8	14	0.5	0	0	2/4	3	1	1/8			1/8	1		5	47	B2	2	46
8	8	14	0.5	0	0	2/4	3	1	1/8			1/8	1		6	54	F#3	3	46
8	8	14	1.0	0	0	2/4	1	1	1/4			1/4	1		7	73	C#5	5	41
8	8	29/2	0.5	1/8	1/8	2/4	3	1	1/8			1/8	1		5	47	B2	2	47
8	8	29/2	0.5	1/8	1/8	2/4	3	1	1/8			1/8	1		6	54	F#3	3	47
8	8	15	0.5	1/4	1/4	2/4	2	1	1/8			1/8	1		2	62	D4	4	44
8	8	15	0.5	1/4	1/4	2/4	1	1	1/8			1/8	1		5	71	B4	4	42
8	8	15	0.5	1/4	1/4	2/4	2	1	1/8			1/8	1		5	71	B4	4	44
8	8	31/2	0.5	3/8	3/8	2/4	2	1	1/8			1/8	1		2	62	D4	4	45
8	8	31/2	0.5	3/8	3/8	2/4	1	1	1/8			1/8	1		5	71	B4	4	43
8	8	31/2	0.5	3/8	3/8	2/4	2	1	1/8			1/8	1		5	71	B4	4	45
9	9	16	0.5	0	0	2/4	3	1	1/8			1/8	1		5	47	B2	2	57
9	9	16	0.5	0	0	2/4	3	1	1/8			1/8	1		6	54	F#3	3	57
9	9	16	0.25	0	0	2/4	1	1	1/16			1/16	1		5	71	B4	4	48
9	9	65/4	0.25	1/16	1/16	2/4	1	1	1/16			1/16	1		6	66	F#4	4	49
9	9	33/2	0.5	1/8	1/8	2/4	2	1	1/8			1/8	1		2	62	D4	4	55
9	9	33/2	0.5	1/8	1/8	2/4	1	1	1/8			1/8	1		6	66	F#4	4	50
9	9	33/2	0.5	1/8	1/8	2/4	2	1	1/8			1/8	1		5	71	B4	4	55
9	9	17	0.5	1/4	1/4	2/4	3	1	1/8			1/8	1		5	47	B2	2	58
9	9	17	0.5	1/4	1/4	2/4	3	1	1/8			1/8	1		1	55	G3	3	58
9	9	17	0.25	1/4	1/4	2/4	1	1	1/16			1/16	1		6	66	F#4	4	51
9	9	69/4	0.25	5/16	5/16	2/4	1	1	1/16			1/16	1		1	67	G4	4	52
9	9	35/2	0.5	3/8	3/8	2/4	2	1	1/8			1/8	1		7	61	C#4	4	56
9	9	35/2	0.25	3/8	3/8	2/4	1	1	1/16			1/16	1		4	64	E4	4	53
9	9	35/2	0.5	3/8	3/8	2/4	2	1	1/8			1/8	1		4	64	E4	4	56
9	9	35/2	0.5	3/8	3/8	2/4	2	1	1/8			1/8	1		5	71	B4	4	56
9	9	71/4	0.25	7/16	7/16	2/4	1	1	1/16			1/16	1		7	61	C#4	4	54
10	10	18	2.0	0	0	2/4	3	1	1/2			1/2	1		5	47	B2	2	63
10	10	18	2.0	0	0	2/4	3	1	1/2			1/2	1		6	54	F#3	3	63
10	10	18	1.0	0	0	2/4	1	1	1/4			1/4	1		6	66	F#4	4	59
10	10	37/2	0.5	1/8	1/8	2/4	2	1	1/8			1/8	1	1	2	62	D4	4	61
10	10	37/2	0.5	1/8	1/8	2/4	2	1	1/8			1/8	1	1	5	71	B4	4	61
10	10	19	1.0	1/4	1/4	2/4	2	1	1/4			1/4	1	-1	2	62	D4	4	62
10	10	19	1.0	1/4	1/4	2/4	2	1	1/4			1/4	1	-1	5	71	B4	4	62
10	10	19	1.0	1/4	1/4	2/4	2	1	1/4			1/4	1		2	74	D5	5	62
10	10	39/2	0.5	3/8	3/8	2/4	1	1	1/8			1/8	1		6	66	F#4	4	60
11	11	20	0.5	0	0	2/4	3	1	1/8			1/8	1		5	47	B2	2	72
11	11	20	0.5	0	0	2/4	3	1	1/8			1/8	1		6	54	F#3	3	72
11	11	20	0.75	0	0	2/4	1	1	3/16			1/8	3/2		6	66	F#4	4	64
11	11	41/2	0.5	1/8	1/8	2/4	3	1	1/8			1/8	1		5	47	B2	2	73
11	11	41/2	0.5	1/8	1/8	2/4	3	1	1/8			1/8	1		6	54	F#3	3	73
11	11	83/4	0.25	3/16	3/16	2/4	1	1	1/16			1/16	1		1	67	G4	4	65
11	11	21	0.5	1/4	1/4	2/4	2	1	1/8			1/8	1		2	62	D4	4	70
11	11	21	0.25	1/4	1/4	2/4	1	1	1/16			1/16	1		6	66	F#4	4	66
11	11	21	0.5	1/4	1/4	2/4	2	1	1/8			1/8	1		5	71	B4	4	70
11	11	85/4	0.25	5/16	5/16	2/4	1	1	1/16			1/16	1		1	67	G4	4	67
11	11	43/2	0.5	3/8	3/8	2/4	2	1	1/8			1/8	1		2	62	D4	4	71
11	11	43/2	0.25	3/8	3/8	2/4	1	1	1/16			1/16	1		6	66	F#4	4	68
11	11	43/2	0.5	3/8	3/8	2/4	2	1	1/8			1/8	1		5	71	B4	4	71
11	11	87/4	0.25	7/16	7/16	2/4	1	1	1/16			1/16	1		5	71	B4	4	69
12	12	22	0.5	0	0	2/4	3	1	1/8			1/8	1		5	47	B2	2	79
12	12	22	0.5	0	0	2/4	3	1	1/8			1/8	1		6	54	F#3	3	79
12	12	22	1.0	0	0	2/4	1	1	1/4			1/4	1		7	73	C#5	5	74
12	12	45/2	0.5	1/8	1/8	2/4	3	1	1/8			1/8	1		5	47	B2	2	80
12	12	45/2	0.5	1/8	1/8	2/4	3	1	1/8			1/8	1		6	54	F#3	3	80
12	12	23	0.5	1/4	1/4	2/4	2	1	1/8			1/8	1		2	62	D4	4	77
12	12	23	0.5	1/4	1/4	2/4	1	1	1/8			1/8	1		5	71	B4	4	75
12	12	23	0.5	1/4	1/4	2/4	2	1	1/8			1/8	1		5	71	B4	4	77
12	12	47/2	0.5	3/8	3/8	2/4	2	1	1/8			1/8	1		2	62	D4	4	78
12	12	47/2	0.5	3/8	3/8	2/4	1	1	1/8			1/8	1		5	71	B4	4	76
12	12	47/2	0.5	3/8	3/8	2/4	2	1	1/8			1/8	1		5	71	B4	4	78
13	13	24	0.5	0	0	2/4	3	1	1/8			1/8	1		5	47	B2	2	90
13	13	24	0.5	0	0	2/4	3	1	1/8			1/8	1		6	54	F#3	3	90
13	13	24	0.25	0	0	2/4	1	1	1/16			1/16	1		5	71	B4	4	81
13	13	97/4	0.25	1/16	1/16	2/4	1	1	1/16			1/16	1		6	66	F#4	4	82
13	13	49/2	0.5	1/8	1/8	2/4	2	1	1/8			1/8	1		2	62	D4	4	88
13	13	49/2	0.5	1/8	1/8	2/4	1	1	1/8			1/8	1		6	66	F#4	4	83
13	13	49/2	0.5	1/8	1/8	2/4	2	1	1/8			1/8	1		5	71	B4	4	88
13	13	25	0.5	1/4	1/4	2/4	3	1	1/8			1/8	1		5	47	B2	2	91
13	13	25	0.5	1/4	1/4	2/4	3	1	1/8			1/8	1		1	55	G3	3	91
13	13	25	0.25	1/4	1/4	2/4	1	1	1/16			1/16	1		6	66	F#4	4	84
13	13	101/4	0.25	5/16	5/16	2/4	1	1	1/16			1/16	1		1	67	G4	4	85
13	13	51/2	0.5	3/8	3/8	2/4	2	1	1/8			1/8	1		7	61	C#4	4	89
13	13	51/2	0.25	3/8	3/8	2/4	1	1	1/16			1/16	1		4	64	E4	4	86
13	13	51/2	0.5	3/8	3/8	2/4	2	1	1/8			1/8	1		4	64	E4	4	89
13	13	51/2	0.5	3/8	3/8	2/4	2	1	1/8			1/8	1		5	71	B4	4	89
13	13	103/4	0.25	7/16	7/16	2/4	1	1	1/16			1/16	1		7	61	C#4	4	87
14	14	26	2.0	0	0	2/4	3	1	1/2			1/2	1		5	47	B2	2	96
14	14	26	2.0	0	0	2/4	3	1	1/2			1/2	1		6	54	F#3	3	96
14	14	26	1.0	0	0	2/4	1	1	1/4			1/4	1		6	66	F#4	4	92
14	14	53/2	0.5	1/8	1/8	2/4	2	1	1/8			1/8	1	1	2	62	D4	4	94
14	14	53/2	0.5	1/8	1/8	2/4	2	1	1/8			1/8	1	1	5	71	B4	4	94
14	14	27	1.0	1/4	1/4	2/4	2	1	1/4			1/4	1	-1	2	62	D4	4	95
14	14	27	1.0	1/4	1/4	2/4	2	1	1/4			1/4	1	-1	5	71	B4	4	95
14	14	27	1.0	1/4	1/4	2/4	2	1	1/4			1/4	1		2	74	D5	5	95
14	14	55/2	0.5	3/8	3/8	2/4	1	1	1/8			1/8	1		6	66	F#4	4	93
15	15	28	0.5	0	0	2/4	3	1	1/8			1/8	1		10	46	A#2	2	105
15	15	28	0.5	0	0	2/4	3	1	1/8			1/8	1		7	49	C#3	3	105
15	15	28	0.75	0	0	2/4	1	1	3/16			1/8	3/2		6	66	F#4	4	97
15	15	57/2	0.5	1/8	1/8	2/4	3	1	1/8			1/8	1		10	46	A#2	2	106
15	15	57/2	0.5	1/8	1/8	2/4	3	1	1/8			1/8	1		6	54	F#3	3	106
15	15	115/4	0.25	3/16	3/16	2/4	1	1	1/16			1/16	1		1	67	G4	4	98
15	15	29	0.5	1/4	1/4	2/4	2	1	1/8			1/8	1		4	64	E4	4	103
15	15	29	0.25	1/4	1/4	2/4	1	1	1/16			1/16	1		6	66	F#4	4	99
15	15	29	0.5	1/4	1/4	2/4	2	1	1/8			1/8	1		6	66	F#4	4	103
15	15	29	0.5	1/4	1/4	2/4	2	1	1/8			1/8	1		2	74	D5	5	103
15	15	117/4	0.25	5/16	5/16	2/4	1	1	1/16			1/16	1		10	70	A#4	4	100
15	15	59/2	0.5	3/8	3/8	2/4	2	1	1/8			1/8	1		4	64	E4	4	104
15	15	59/2	0.5	3/8	3/8	2/4	2	1	1/8			1/8	1		6	66	F#4	4	104
15	15	59/2	0.25	3/8	3/8	2/4	1	1	1/16			1/16	1		7	73	C#5	5	101
15	15	59/2	0.5	3/8	3/8	2/4	2	1	1/8			1/8	1		7	73	C#5	5	104
15	15	119/4	0.25	7/16	7/16	2/4	1	1	1/16			1/16	1		4	76	E5	5	102
16	16	30	0.5	0	0	2/4	3	1	1/8			1/8	1		5	47	B2	2	114
16	16	30	0.5	0	0	2/4	3	1	1/8			1/8	1		1	55	G3	3	114
16	16	30	0.75	0	0	2/4	1	1	3/16			1/8	3/2		2	74	D5	5	107
16	16	61/2	0.5	1/8	1/8	2/4	3	1	1/8			1/8	1		5	47	B2	2	115
16	16	61/2	0.5	1/8	1/8	2/4	3	1	1/8			1/8	1		6	54	F#3	3	115
16	16	123/4	0.25	3/16	3/16	2/4	1	1	1/16			1/16	1		7	73	C#5	5	108
16	16	31	0.5	1/4	1/4	2/4	2	1	1/8			1/8	1		2	62	D4	4	112
16	16	31	0.5	1/4	1/4	2/4	2	1	1/8			1/8	1		11	65	E#4	4	112
16	16	31	0.5	1/4	1/4	2/4	1	1	1/8			1/8	1		5	71	B4	4	109
16	16	31	0.5	1/4	1/4	2/4	2	1	1/8			1/8	1		5	71	B4	4	112
16	16	63/2	0.5	3/8	3/8	2/4	2	1	1/8			1/8	1		2	62	D4	4	113
16	16	63/2	0.5	3/8	3/8	2/4	2	1	1/8			1/8	1		6	66	F#4	4	113
16	16	63/2	0.25	3/8	3/8	2/4	1	1	1/16			1/16	1		10	70	A#4	4	110
16	16	63/2	0.5	3/8	3/8	2/4	2	1	1/8			1/8	1		5	71	B4	4	113
16	16	127/4	0.25	7/16	7/16	2/4	1	1	1/16			1/16	1		5	71	B4	4	111
17	17	32	1.0	0	0	2/4	3	1	1/4			1/4	1		1	55	G3	3	124
17	17	32	0.5	0	0	2/4	1	1	1/8			1/8	1		1	67	G4	4	116
17	17	65/2	0.25	1/8	1/8	2/4	1	1	1/16			1/16	1		6	66	F#4	4	117
17	17	65/2	0.5	1/8	1/8	2/4	2	1	1/8			1/8	1		1	67	G4	4	121
17	17	131/4	0.25	3/16	3/16	2/4	1	1	1/16			1/16	1		1	67	G4	4	118
17	17	33	0.5	1/4	1/4	2/4	3	1	1/8			1/8	1		4	52	E3	3	125
17	17	33	0.5	1/4	1/4	2/4	1	1	1/8			1/8	1		4	64	E4	4	119
17	17	33	0.5	1/4	1/4	2/4	2	1	1/8			1/8	1		4	64	E4	4	122
17	17	67/2	0.5	3/8	3/8	2/4	3	1	1/8			1/8	1		11	53	E#3	3	126
17	17	67/2	0.5	3/8	3/8	2/4	1	1	1/8			1/8	1		11	65	E#4	4	120
17	17	67/2	0.5	3/8	3/8	2/4	2	1	1/8			1/8	1		11	65	E#4	4	123
18	18	34	1.0	0	0	2/4	3	1	1/4			1/4	1		6	54	F#3	3	132
18	18	34	1.0	0	0	2/4	1	1	1/4			1/4	1		6	66	F#4	4	127
18	18	69/2	0.5	1/8	1/8	2/4	2	1	1/8			1/8	1		6	66	F#4	4	130
18	18	35	1.0	1/4	1/4	2/4	3	1	1/4			1/4	1		6	42	F#2	2	133
18	18	35	1.0	1/4	1/4	2/4	2	1	1/4			1/4	1		6	54	F#3	3	131
18	18	71/2	0.25	3/8	3/8	2/4	1	1	1/16			1/16	1		6	66	F#4	4	128
18	18	143/4	0.25	7/16	7/16	2/4	1	1	1/16			1/16	1		1	67	G4	4	129
19	19	36	0.5	0	0	2/4	3	1	1/8			1/8	1		10	46	A#2	2	142
19	19	36	0.5	0	0	2/4	3	1	1/8			1/8	1		7	49	C#3	3	142
19	19	36	0.75	0	0	2/4	1	1	3/16			1/8	3/2		6	66	F#4	4	134
19	19	73/2	0.5	1/8	1/8	2/4	3	1	1/8			1/8	1		10	46	A#2	2	143
19	19	73/2	0.5	1/8	1/8	2/4	3	1	1/8			1/8	1		6	54	F#3	3	143
19	19	147/4	0.25	3/16	3/16	2/4	1	1	1/16			1/16	1		7	61	C#4	4	135
19	19	37	0.5	1/4	1/4	2/4	2	1	1/8			1/8	1		4	64	E4	4	140
19	19	37	0.25	1/4	1/4	2/4	1	1	1/16			1/16	1		6	66	F#4	4	136
19	19	37	0.5	1/4	1/4	2/4	2	1	1/8			1/8	1		6	66	F#4	4	140
19	19	37	0.5	1/4	1/4	2/4	2	1	1/8			1/8	1		2	74	D5	5	140
19	19	149/4	0.25	5/16	5/16	2/4	1	1	1/16			1/16	1		10	70	A#4	4	137
19	19	75/2	0.5	3/8	3/8	2/4	2	1	1/8			1/8	1		4	64	E4	4	141
19	19	75/2	0.5	3/8	3/8	2/4	2	1	1/8			1/8	1		6	66	F#4	4	141
19	19	75/2	0.25	3/8	3/8	2/4	1	1	1/16			1/16	1		7	73	C#5	5	138
19	19	75/2	0.5	3/8	3/8	2/4	2	1	1/8			1/8	1		7	73	C#5	5	141
19	19	151/4	0.25	7/16	7/16	2/4	1	1	1/16			1/16	1		4	76	E5	5	139
20	20	38	0.5	0	0	2/4	3	1	1/8			1/8	1		5	47	B2	2	151
20	20	38	0.5	0	0	2/4	3	1	1/8			1/8	1		1	55	G3	3	151
20	20	38	0.75	0	0	2/4	1	1	3/16			1/8	3/2		2	74	D5	5	144
20	20	77/2	0.5	1/8	1/8	2/4	3	1	1/8			1/8	1		5	47	B2	2	152
20	20	77/2	0.5	1/8	1/8	2/4	3	1	1/8			1/8	1		6	54	F#3	3	152
20	20	155/4	0.25	3/16	3/16	2/4	1	1	1/16			1/16	1		7	73	C#5	5	145
20	20	39	0.5	1/4	1/4	2/4	2	1	1/8			1/8	1		2	62	D4	4	149
20	20	39	0.5	1/4	1/4	2/4	2	1	1/8			1/8	1		11	65	E#4	4	149
20	20	39	0.5	1/4	1/4	2/4	1	1	1/8			1/8	1		5	71	B4	4	146
20	20	39	0.5	1/4	1/4	2/4	2	1	1/8			1/8	1		5	71	B4	4	149
20	20	79/2	0.5	3/8	3/8	2/4	2	1	1/8			1/8	1		2	62	D4	4	150
20	20	79/2	0.5	3/8	3/8	2/4	2	1	1/8			1/8	1		6	66	F#4	4	150
20	20	79/2	0.25	3/8	3/8	2/4	1	1	1/16			1/16	1		10	70	A#4	4	147
20	20	79/2	0.5	3/8	3/8	2/4	2	1	1/8			1/8	1		5	71	B4	4	150
20	20	159/4	0.25	7/16	7/16	2/4	1	1	1/16			1/16	1		5	71	B4	4	148
21	21	40	1.0	0	0	2/4	3	1	1/4			1/4	1		1	55	G3	3	161
21	21	40	0.5	0	0	2/4	1	1	1/8			1/8	1		1	67	G4	4	153
21	21	81/2	0.25	1/8	1/8	2/4	1	1	1/16			1/16	1		6	66	F#4	4	154
21	21	81/2	0.5	1/8	1/8	2/4	2	1	1/8			1/8	1		1	67	G4	4	158
21	21	163/4	0.25	3/16	3/16	2/4	1	1	1/16			1/16	1		1	67	G4	4	155
21	21	41	0.5	1/4	1/4	2/4	3	1	1/8			1/8	1		4	52	E3	3	162
21	21	41	0.5	1/4	1/4	2/4	1	1	1/8			1/8	1		4	64	E4	4	156
21	21	41	0.5	1/4	1/4	2/4	2	1	1/8			1/8	1		4	64	E4	4	159
21	21	83/2	0.5	3/8	3/8	2/4	3	1	1/8			1/8	1		11	53	E#3	3	163
21	21	83/2	0.5	3/8	3/8	2/4	1	1	1/8			1/8	1		11	65	E#4	4	157
21	21	83/2	0.5	3/8	3/8	2/4	2	1	1/8			1/8	1		11	65	E#4	4	160
22	22	42	0.5	0	0	2/4	3	1	1/8			1/8	1		6	54	F#3	3	169
22	22	42	0.5	0	0	2/4	2	1	1/8			1/8	1		6	66	F#4	4	165
22	22	42	1.0	0	0	2/4	1	1	1/4			1/4	1		6	66	F#4	4	164
22	22	85/2	0.5	1/8	1/8	2/4	3	1	1/8			1/8	1		6	42	F#2	2	170
22	22	85/2	0.5	1/8	1/8	2/4	2	1	1/8			1/8	1		6	54	F#3	3	166
22	22	43	0.5	1/4	1/4	2/4	3	1	1/8			1/8	1		1	43	G2	2	171
22	22	43	0.5	1/4	1/4	2/4	2	1	1/8			1/8	1		1	55	G3	3	167
22	22	87/2	0.5	3/8	3/8	2/4	3	1	1/8			1/8	1		10	46	A#2	2	172
22	22	87/2	0.5	3/8	3/8	2/4	2	1	1/8			1/8	1		10	58	A#3	3	168
23	23	44	0.5	0	0	2/4	3	1	1/8			1/8	1		7	49	C#3	3	178
23	23	44	0.5	0	0	2/4	2	1	1/8			1/8	1		7	61	C#4	4	174
23	23	89/2	0.5	1/8	1/8	2/4	3	1	1/8			1/8	1		4	52	E3	3	179
23	23	89/2	0.5	1/8	1/8	2/4	2	1	1/8			1/8	1		4	64	E4	4	175
23	23	45	0.5	1/4	1/4	2/4	3	1	1/8			1/8	1		1	55	G3	3	180
23	23	45	0.5	1/4	1/4	2/4	2	1	1/8			1/8	1		1	67	G4	4	176
23	23	91/2	0.5	3/8	3/8	2/4	3	1	1/8			1/8	1		1	43	G2	2	181
23	23	91/2	0.5	3/8	3/8	2/4	3	1	1/8			1/8	1		4	52	E3	3	181
23	23	91/2	0.5	3/8	3/8	2/4	2	1	1/8			1/8	1		7	61	C#4	4	177
23	23	91/2	0.5	3/8	3/8	2/4	1	1	1/8			1/8	1		10	70	A#4	4	173
23	23	91/2	0.5	3/8	3/8	2/4	2	1	1/8			1/8	1		10	70	A#4	4	177
24	24	46	2.0	0	0	2/4	3	1	1/2		1/4_c32_1	1/2	1		8	44	G#2	2	189
24	24	46	2.0	0	0	2/4	3	1	1/2		1/4_c32_2	1/2	1		-1	53	F3	3	190
24	24	46	2.0	0	0	2/4	2	1	1/2		1/4_c32_1	1/2	1		2	62	D4	4	187
24	24	46	0.75	0	0	2/4	1	1	3/16			1/8	3/2		5	71	B4	4	182
24	24	46	2.0	0	0	2/4	2	1	1/2		1/4_c32_2	1/2	1		5	71	B4	4	188
24	24	187/4	0.25	3/16	3/16	2/4	1	1	1/16			1/16	1		5	71	B4	4	183
24	24	47	0.5	1/4	1/4	2/4	1	1	1/8			1/8	1		5	71	B4	4	184
24	24	95/2	0.25	3/8	3/8	2/4	1	1	1/16			1/16	1		7	73	C#5	5	185
24	24	191/4	0.25	7/16	7/16	2/4	1	1	1/16			1/16	1		5	71	B4	4	186
25	25	48	0.0	0	0	2/4	1	1	0	appoggiatura		1/8	1		5	71	B4	4	191
25	25	48	1.0	0	0	2/4	3	1	1/4			1/4	1		3	45	A2	2	198
25	25	48	1.0	0	0	2/4	3	1	1/4			1/4	1		4	52	E3	3	198
25	25	48	0.5	0	0	2/4	2	1	1/8			1/8	1		7	61	C#4	4	195
25	25	48	0.5	0	0	2/4	1	1	1/8			1/8	1		3	69	A4	4	192
25	25	48	0.5	0	0	2/4	2	1	1/8			1/8	1		3	69	A4	4	195
25	25	97/2	0.5	1/8	1/8	2/4	1	1	1/8			1/8	1		3	69	A4	4	193
25	25	49	0.5	1/4	1/4	2/4	3	1	1/8			1/8	1		-1	65	F4	4	199
25	25	49	0.5	1/4	1/4	2/4	2	1	1/8			1/8	1		-1	77	F5	5	196
25	25	99/2	0.25	3/8	3/8	2/4	3	1	1/16			1/16	1		4	64	E4	4	200
25	25	99/2	0.5	3/8	3/8	2/4	1	1	1/8			1/8	1		7	73	C#5	5	194
25	25	99/2	0.25	3/8	3/8	2/4	2	1	1/16			1/16	1		4	76	E5	5	197
26	26	50	2.0	0	0	2/4	3	1	1/2		1/4_c32_1	1/2	1		8	44	G#2	2	208
26	26	50	2.0	0	0	2/4	3	1	1/2		1/4_c32_2	1/2	1		-1	53	F3	3	209
26	26	50	2.0	0	0	2/4	2	1	1/2		1/4_c32_1	1/2	1		2	62	D4	4	206
26	26	50	0.75	0	0	2/4	1	1	3/16			1/8	3/2		5	71	B4	4	201
26	26	50	2.0	0	0	2/4	2	1	1/2		1/4_c32_2	1/2	1		5	71	B4	4	207
26	26	203/4	0.25	3/16	3/16	2/4	1	1	1/16			1/16	1		5	71	B4	4	202
26	26	51	0.5	1/4	1/4	2/4	1	1	1/8			1/8	1		5	71	B4	4	203
26	26	103/2	0.25	3/8	3/8	2/4	1	1	1/16			1/16	1		7	73	C#5	5	204
26	26	207/4	0.25	7/16	7/16	2/4	1	1	1/16			1/16	1		5	71	B4	4	205
27	27	52	0.0	0	0	2/4	1	1	0	appoggiatura		1/8	1		5	71	B4	4	210
27	27	52	1.0	0	0	2/4	3	1	1/4			1/4	1		3	45	A2	2	215
27	27	52	1.0	0	0	2/4	3	1	1/4			1/4	1		4	52	E3	3	215
27	27	52	0.5	0	0	2/4	2	1	1/8			1/8	1		7	61	C#4	4	212
27	27	52	0.5	0	0	2/4	2	1	1/8			1/8	1		3	69	A4	4	212
27	27	52	1.0	0	0	2/4	1	1	1/4			1/4	1		3	69	A4	4	211
27	27	53	0.5	1/4	1/4	2/4	3	1	1/8			1/8	1		-1	65	F4	4	216
27	27	53	0.5	1/4	1/4	2/4	2	1	1/8			1/8	1		-1	77	F5	5	213
27	27	107/2	0.25	3/8	3/8	2/4	3	1	1/16			1/16	1		4	64	E4	4	217
27	27	107/2	0.25	3/8	3/8	2/4	2	1	1/16			1/16	1		4	76	E5	5	214
28	28	54	0.16666666666666666	0	0	2/4	3	1	1/24			1/16	2/3		3	45	A2	2	231
28	28	54	0.16666666666666666	0	0	2/4	2	1	1/24			1/16	2/3		7	49	C#3	3	219
28	28	54	0.16666666666666666	0	0	2/4	2	1	1/24			1/16	2/3		4	52	E3	3	219
28	28	325/6	0.16666666666666666	1/24	1/24	2/4	3	1	1/24			1/16	2/3		3	45	A2	2	232
28	28	325/6	0.16666666666666666	1/24	1/24	2/4	2	1	1/24			1/16	2/3		7	49	C#3	3	220
28	28	325/6	0.16666666666666666	1/24	1/24	2/4	2	1	1/24			1/16	2/3		4	52	E3	3	220
28	28	163/3	0.16666666666666666	1/12	1/12	2/4	3	1	1/24			1/16	2/3		3	45	A2	2	233
28	28	163/3	0.16666666666666666	1/12	1/12	2/4	2	1	1/24			1/16	2/3		7	49	C#3	3	221
28	28	163/3	0.16666666666666666	1/12	1/12	2/4	2	1	1/24			1/16	2/3		4	52	E3	3	221
28	28	109/2	0.16666666666666666	1/8	1/8	2/4	3	1	1/24			1/16	2/3		8	44	G#2	2	234
28	28	109/2	0.16666666666666666	1/8	1/8	2/4	2	1	1/24			1/16	2/3		2	50	D3	3	222
28	28	109/2	0.16666666666666666	1/8	1/8	2/4	2	1	1/24			1/16	2/3		4	52	E3	3	222
28	28	164/3	0.16666666666666666	1/6	1/6	2/4	3	1	1/24			1/16	2/3		8	44	G#2	2	235
28	28	164/3	0.16666666666666666	1/6	1/6	2/4	2	1	1/24			1/16	2/3		2	50	D3	3	223
28	28	164/3	0.16666666666666666	1/6	1/6	2/4	2	1	1/24			1/16	2/3		4	52	E3	3	223
28	28	329/6	0.16666666666666666	5/24	5/24	2/4	3	1	1/24			1/16	2/3		8	44	G#2	2	236
28	28	329/6	0.16666666666666666	5/24	5/24	2/4	2	1	1/24			1/16	2/3		2	50	D3	3	224
28	28	329/6	0.16666666666666666	5/24	5/24	2/4	2	1	1/24			1/16	2/3		4	52	E3	3	224
28	28	55	0.16666666666666666	1/4	1/4	2/4	3	1	1/24			1/16	2/3		1	43	G2	2	237
28	28	55	0.16666666666666666	1/4	1/4	2/4	2	1	1/24			1/16	2/3		7	49	C#3	3	225
28	28	55	0.16666666666666666	1/4	1/4	2/4	2	1	1/24			1/16	2/3		4	52	E3	3	225
28	28	55	0.16666666666666666	1/4	1/4	2/4	2	1	1/24			1/16	2/3		3	57	A3	3	225
28	28	331/6	0.16666666666666666	7/24	7/24	2/4	3	1	1/24			1/16	2/3		1	43	G2	2	238
28	28	331/6	0.16666666666666666	7/24	7/24	2/4	2	1	1/24			1/16	2/3		7	49	C#3	3	226
28	28	331/6	0.16666666666666666	7/24	7/24	2/4	2	1	1/24			1/16	2/3		4	52	E3	3	226
28	28	331/6	0.16666666666666666	7/24	7/24	2/4	2	1	1/24			1/16	2/3		3	57	A3	3	226
28	28	166/3	0.16666666666666666	1/3	1/3	2/4	3	1	1/24			1/16	2/3		1	43	G2	2	239
28	28	166/3	0.16666666666666666	1/3	1/3	2/4	2	1	1/24			1/16	2/3		7	49	C#3	3	227
28	28	166/3	0.16666666666666666	1/3	1/3	2/4	2	1	1/24			1/16	2/3		4	52	E3	3	227
28	28	166/3	0.16666666666666666	1/3	1/3	2/4	2	1	1/24			1/16	2/3		3	57	A3	3	227
28	28	111/2	0.16666666666666666	3/8	3/8	2/4	3	1	1/24			1/16	2/3		6	42	F#2	2	240
28	28	111/2	0.16666666666666666	3/8	3/8	2/4	2	1	1/24			1/16	2/3		7	49	C#3	3	228
28	28	111/2	0.16666666666666666	3/8	3/8	2/4	2	1	1/24			1/16	2/3		4	52	E3	3	228
28	28	111/2	0.16666666666666666	3/8	3/8	2/4	2	1	1/24			1/16	2/3		10	58	A#3	3	228
28	28	111/2	0.5	3/8	3/8	2/4	1	1	1/8			1/8	1		10	70	A#4	4	218
28	28	167/3	0.16666666666666666	5/12	5/12	2/4	3	1	1/24			1/16	2/3		6	42	F#2	2	241
28	28	167/3	0.16666666666666666	5/12	5/12	2/4	2	1	1/24			1/16	2/3		7	49	C#3	3	229
28	28	167/3	0.16666666666666666	5/12	5/12	2/4	2	1	1/24			1/16	2/3		4	52	E3	3	229
28	28	167/3	0.16666666666666666	5/12	5/12	2/4	2	1	1/24			1/16	2/3		10	58	A#3	3	229
28	28	335/6	0.16666666666666666	11/24	11/24	2/4	3	1	1/24			1/16	2/3		6	42	F#2	2	242
28	28	335/6	0.16666666666666666	11/24	11/24	2/4	2	1	1/24			1/16	2/3		7	49	C#3	3	230
28	28	335/6	0.16666666666666666	11/24	11/24	2/4	2	1	1/24			1/16	2/3		4	52	E3	3	230
28	28	335/6	0.16666666666666666	11/24	11/24	2/4	2	1	1/24			1/16	2/3		10	58	A#3	3	230
29	29	56	0.16666666666666666	0	0	2/4	3	1	1/24			1/16	2/3		1	31	G1	1	259
29	29	56	0.16666666666666666	0	0	2/4	3	1	1/24			1/16	2/3		1	43	G2	2	259
29	29	56	0.16666666666666666	0	0	2/4	2	1	1/24			1/16	2/3		5	47	B2	2	247
29	29	56	0.16666666666666666	0	0	2/4	2	1	1/24			1/16	2/3		2	50	D3	3	247
29	29	56	0.16666666666666666	0	0	2/4	2	1	1/24			1/16	2/3		5	59	B3	3	247
29	29	56	0.5	0	0	2/4	1	1	1/8			1/8	1		5	71	B4	4	243
29	29	337/6	0.16666666666666666	1/24	1/24	2/4	3	1	1/24			1/16	2/3		1	31	G1	1	260
29	29	337/6	0.16666666666666666	1/24	1/24	2/4	3	1	1/24			1/16	2/3		1	43	G2	2	260
29	29	337/6	0.16666666666666666	1/24	1/24	2/4	2	1	1/24			1/16	2/3		5	47	B2	2	248
29	29	337/6	0.16666666666666666	1/24	1/24	2/4	2	1	1/24			1/16	2/3		2	50	D3	3	248
29	29	337/6	0.16666666666666666	1/24	1/24	2/4	2	1	1/24			1/16	2/3		5	59	B3	3	248
29	29	169/3	0.16666666666666666	1/12	1/12	2/4	3	1	1/24			1/16	2/3		1	31	G1	1	261
29	29	169/3	0.16666666666666666	1/12	1/12	2/4	3	1	1/24			1/16	2/3		1	43	G2	2	261
29	29	169/3	0.16666666666666666	1/12	1/12	2/4	2	1	1/24			1/16	2/3		5	47	B2	2	249
29	29	169/3	0.16666666666666666	1/12	1/12	2/4	2	1	1/24			1/16	2/3		2	50	D3	3	249
29	29	169/3	0.16666666666666666	1/12	1/12	2/4	2	1	1/24			1/16	2/3		5	59	B3	3	249
29	29	113/2	0.16666666666666666	1/8	1/8	2/4	3	1	1/24			1/16	2/3		1	31	G1	1	262
29	29	113/2	0.16666666666666666	1/8	1/8	2/4	3	1	1/24			1/16	2/3		1	43	G2	2	262
29	29	113/2	0.16666666666666666	1/8	1/8	2/4	2	1	1/24			1/16	2/3		2	50	D3	3	250
29	29	113/2	0.16666666666666666	1/8	1/8	2/4	2	1	1/24			1/16	2/3		1	55	G3	3	250
29	29	113/2	0.16666666666666666	1/8	1/8	2/4	2	1	1/24			1/16	2/3		5	59	B3	3	250
29	29	113/2	0.16666666666666666	1/8	1/8	2/4	2	1	1/24			1/16	2/3		2	62	D4	4	250
29	29	113/2	0.5	1/8	1/8	2/4	1	1	1/8			1/8	1		2	74	D5	5	244
29	29	170/3	0.16666666666666666	1/6	1/6	2/4	3	1	1/24			1/16	2/3		1	31	G1	1	263
29	29	170/3	0.16666666666666666	1/6	1/6	2/4	3	1	1/24			1/16	2/3		1	43	G2	2	263
29	29	170/3	0.16666666666666666	1/6	1/6	2/4	2	1	1/24			1/16	2/3		2	50	D3	3	251
29	29	170/3	0.16666666666666666	1/6	1/6	2/4	2	1	1/24			1/16	2/3		1	55	G3	3	251
29	29	170/3	0.16666666666666666	1/6	1/6	2/4	2	1	1/24			1/16	2/3		5	59	B3	3	251
29	29	170/3	0.16666666666666666	1/6	1/6	2/4	2	1	1/24			1/16	2/3		2	62	D4	4	251
29	29	341/6	0.16666666666666666	5/24	5/24	2/4	3	1	1/24			1/16	2/3		1	31	G1	1	264
29	29	341/6	0.16666666666666666	5/24	5/24	2/4	3	1	1/24			1/16	2/3		1	43	G2	2	264
29	29	341/6	0.16666666666666666	5/24	5/24	2/4	2	1	1/24			1/16	2/3		2	50	D3	3	252
29	29	341/6	0.16666666666666666	5/24	5/24	2/4	2	1	1/24			1/16	2/3		1	55	G3	3	252
29	29	341/6	0.16666666666666666	5/24	5/24	2/4	2	1	1/24			1/16	2/3		5	59	B3	3	252
29	29	341/6	0.16666666666666666	5/24	5/24	2/4	2	1	1/24			1/16	2/3		2	62	D4	4	252
29	29	57	0.16666666666666666	1/4	1/4	2/4	3	1	1/24			1/16	2/3		1	31	G1	1	265
29	29	57	0.16666666666666666	1/4	1/4	2/4	3	1	1/24			1/16	2/3		1	43	G2	2	265
29	29	57	0.16666666666666666	1/4	1/4	2/4	2	1	1/24			1/16	2/3		-3	51	Eb3	3	253
29	29	57	0.16666666666666666	1/4	1/4	2/4	2	1	1/24			1/16	2/3		1	55	G3	3	253
29	29	57	0.16666666666666666	1/4	1/4	2/4	2	1	1/24			1/16	2/3		0	60	C4	4	253
29	29	57	0.16666666666666666	1/4	1/4	2/4	2	1	1/24			1/16	2/3		-3	63	Eb4	4	253
29	29	57	0.75	1/4	1/4	2/4	1	1	3/16			1/8	3/2		-3	75	Eb5	5	245
29	29	343/6	0.16666666666666666	7/24	7/24	2/4	3	1	1/24			1/16	2/3		1	31	G1	1	266
29	29	343/6	0.16666666666666666	7/24	7/24	2/4	3	1	1/24			1/16	2/3		1	43	G2	2	266
29	29	343/6	0.16666666666666666	7/24	7/24	2/4	2	1	1/24			1/16	2/3		-3	51	Eb3	3	254
29	29	343/6	0.16666666666666666	7/24	7/24	2/4	2	1	1/24			1/16	2/3		1	55	G3	3	254
29	29	343/6	0.16666666666666666	7/24	7/24	2/4	2	1	1/24			1/16	2/3		0	60	C4	4	254
29	29	343/6	0.16666666666666666	7/24	7/24	2/4	2	1	1/24			1/16	2/3		-3	63	Eb4	4	254
29	29	172/3	0.16666666666666666	1/3	1/3	2/4	3	1	1/24			1/16	2/3		1	31	G1	1	267
29	29	172/3	0.16666666666666666	1/3	1/3	2/4	3	1	1/24			1/16	2/3		1	43	G2	2	267
29	29	172/3	0.16666666666666666	1/3	1/3	2/4	2	1	1/24			1/16	2/3		-3	51	Eb3	3	255
29	29	172/3	0.16666666666666666	1/3	1/3	2/4	2	1	1/24			1/16	2/3		1	55	G3	3	255
29	29	172/3	0.16666666666666666	1/3	1/3	2/4	2	1	1/24			1/16	2/3		0	60	C4	4	255
29	29	172/3	0.16666666666666666	1/3	1/3	2/4	2	1	1/24			1/16	2/3		-3	63	Eb4	4	255
29	29	115/2	0.16666666666666666	3/8	3/8	2/4	3	1	1/24			1/16	2/3		1	31	G1	1	268
29	29	115/2	0.16666666666666666	3/8	3/8	2/4	3	1	1/24			1/16	2/3		1	43	G2	2	268
29	29	115/2	0.16666666666666666	3/8	3/8	2/4	2	1	1/24			1/16	2/3		6	54	F#3	3	256
29	29	115/2	0.16666666666666666	3/8	3/8	2/4	2	1	1/24			1/16	2/3		3	57	A3	3	256
29	29	115/2	0.16666666666666666	3/8	3/8	2/4	2	1	1/24			1/16	2/3		0	60	C4	4	256
29	29	115/2	0.16666666666666666	3/8	3/8	2/4	2	1	1/24			1/16	2/3		2	62	D4	4	256
29	29	173/3	0.16666666666666666	5/12	5/12	2/4	3	1	1/24			1/16	2/3		1	31	G1	1	269
29	29	173/3	0.16666666666666666	5/12	5/12	2/4	3	1	1/24			1/16	2/3		1	43	G2	2	269
29	29	173/3	0.16666666666666666	5/12	5/12	2/4	2	1	1/24			1/16	2/3		6	54	F#3	3	257
29	29	173/3	0.16666666666666666	5/12	5/12	2/4	2	1	1/24			1/16	2/3		3	57	A3	3	257
29	29	173/3	0.16666666666666666	5/12	5/12	2/4	2	1	1/24			1/16	2/3		0	60	C4	4	257
29	29	173/3	0.16666666666666666	5/12	5/12	2/4	2	1	1/24			1/16	2/3		2	62	D4	4	257
29	29	231/4	0.25	7/16	7/16	2/4	1	1	1/16			1/16	1		-3	75	Eb5	5	246
29	29	347/6	0.16666666666666666	11/24	11/24	2/4	3	1	1/24			1/16	2/3		1	31	G1	1	270
29	29	347/6	0.16666666666666666	11/24	11/24	2/4	3	1	1/24			1/16	2/3		1	43	G2	2	270
29	29	347/6	0.16666666666666666	11/24	11/24	2/4	2	1	1/24			1/16	2/3		6	54	F#3	3	258
29	29	347/6	0.16666666666666666	11/24	11/24	2/4	2	1	1/24			1/16	2/3		3	57	A3	3	258
29	29	347/6	0.16666666666666666	11/24	11/24	2/4	2	1	1/24			1/16	2/3		0	60	C4	4	258
29	29	347/6	0.16666666666666666	11/24	11/24	2/4	2	1	1/24			1/16	2/3		2	62	D4	4	258
30	30	58	0.5	0	0	2/4	3	1	1/8			1/8	1		1	31	G1	1	276
30	30	58	0.5	0	0	2/4	3	1	1/8			1/8	1		1	43	G2	2	276
30	30	58	0.5	0	0	2/4	2	1	1/8			1/8	1		5	59	B3	3	273
30	30	58	0.5	0	0	2/4	2	1	1/8			1/8	1		2	62	D4	4	273
30	30	58	0.5	0	0	2/4	2	1	1/8			1/8	1		1	67	G4	4	273
30	30	58	0.5	0	0	2/4	1	1	1/8			1/8	1		2	74	D5	5	271
30	30	117/2	0.5	1/8	1/8	2/4	3	1	1/8			1/8	1		1	43	G2	2	277
30	30	117/2	0.5	1/8	1/8	2/4	3	1	1/8			1/8	1		2	50	D3	3	277
30	30	117/2	0.5	1/8	1/8	2/4	3	1	1/8			1/8	1		-1	53	F3	3	277
30	30	117/2	0.5	1/8	1/8	2/4	2	1	1/8			1/8	1		2	62	D4	4	274
30	30	117/2	0.5	1/8	1/8	2/4	2	1	1/8			1/8	1		-1	65	F4	4	274
30	30	117/2	0.5	1/8	1/8	2/4	1	1	1/8			1/8	1		5	71	B4	4	272
30	30	117/2	0.5	1/8	1/8	2/4	2	1	1/8			1/8	1		5	71	B4	4	274
30	30	117/2	0.5	1/8	1/8	2/4	2	1	1/8			1/8	1		2	74	D5	5	274
30	30	119/2	0.5	3/8	3/8	2/4	3	1	1/8			1/8	1		1	31	G1	1	278
30	30	119/2	0.5	3/8	3/8	2/4	3	1	1/8			1/8	1		1	43	G2	2	278
30	30	119/2	0.5	3/8	3/8	2/4	2	1	1/8			1/8	1		-1	53	F3	3	275
30	30	119/2	0.5	3/8	3/8	2/4	2	1	1/8			1/8	1		5	59	B3	3	275
30	30	119/2	0.5	3/8	3/8	2/4	2	1	1/8			1/8	1		2	62	D4	4	275
31	31	60	1.5	0	0	2/4	3	1	3/8			1/4	3/2		1	31	G1	1	288
31	31	60	1.5	0	0	2/4	3	1	3/8			1/4	3/2		1	43	G2	2	288
31	31	60	1.0	0	0	2/4	2	2	1/4			1/4	1		4	52	E3	3	285
31	31	60	0.5	0	0	2/4	2	1	1/8			1/8	1		0	60	C4	4	280
31	31	60	0.5	0	0	2/4	2	1	1/8			1/8	1		4	64	E4	4	280
31	31	121/2	0.25	1/8	1/8	2/4	2	1	1/16			1/16	1		2	62	D4	4	281
31	31	243/4	0.25	3/16	3/16	2/4	2	1	1/16			1/16	1		0	60	C4	4	282
31	31	61	0.5	1/4	1/4	2/4	2	2	1/8			1/8	1		4	52	E3	3	286
31	31	61	0.5	1/4	1/4	2/4	2	1	1/8			1/8	1		0	60	C4	4	283
31	31	61	0.5	1/4	1/4	2/4	2	1	1/8			1/8	1		4	64	E4	4	283
31	31	123/2	0.5	3/8	3/8	2/4	3	1	1/8			1/8	1		1	31	G1	1	289
31	31	123/2	0.5	3/8	3/8	2/4	3	1	1/8			1/8	1		1	43	G2	2	289
31	31	123/2	0.5	3/8	3/8	2/4	2	2	1/8			1/8	1		-1	53	F3	3	287
31	31	123/2	0.5	3/8	3/8	2/4	2	1	1/8			1/8	1		5	59	B3	3	284
31	31	123/2	0.5	3/8	3/8	2/4	2	1	1/8			1/8	1		2	62	D4	4	284
31	31	123/2	0.5	3/8	3/8	2/4	1	1	1/8			1/8	1		5	71	B4	4	279
32	32	62	1.5	0	0	2/4	3	1	3/8			1/4	3/2		1	31	G1	1	302
32	32	62	1.5	0	0	2/4	3	1	3/8			1/4	3/2		1	43	G2	2	302
32	32	62	1.0	0	0	2/4	2	2	1/4			1/4	1		4	52	E3	3	299
32	32	62	0.5	0	0	2/4	2	1	1/8			1/8	1		0	60	C4	4	294
32	32	62	0.5	0	0	2/4	2	1	1/8			1/8	1		4	64	E4	4	294
32	32	62	0.75	0	0	2/4	1	1	3/16			1/8	3/2		0	72	C5	5	290
32	32	125/2	0.25	1/8	1/8	2/4	2	1	1/16			1/16	1		2	62	D4	4	295
32	32	251/4	0.25	3/16	3/16	2/4	2	1	1/16			1/16	1		0	60	C4	4	296
32	32	251/4	0.25	3/16	3/16	2/4	1	1	1/16			1/16	1		1	67	G4	4	291
32	32	63	0.5	1/4	1/4	2/4	2	2	1/8			1/8	1		4	52	E3	3	300
32	32	63	0.5	1/4	1/4	2/4	2	1	1/8			1/8	1		0	60	C4	4	297
32	32	63	0.5	1/4	1/4	2/4	2	1	1/8			1/8	1		4	64	E4	4	297
32	32	63	0.5	1/4	1/4	2/4	1	1	1/8			1/8	1		0	72	C5	5	292
32	32	127/2	0.5	3/8	3/8	2/4	3	1	1/8			1/8	1		1	31	G1	1	303
32	32	127/2	0.5	3/8	3/8	2/4	3	1	1/8			1/8	1		1	43	G2	2	303
32	32	127/2	0.5	3/8	3/8	2/4	2	2	1/8			1/8	1		11	53	E#3	3	301
32	32	127/2	0.5	3/8	3/8	2/4	2	1	1/8			1/8	1		5	59	B3	3	298
32	32	127/2	0.5	3/8	3/8	2/4	2	1	1/8			1/8	1		2	62	D4	4	298
32	32	127/2	0.5	3/8	3/8	2/4	1	1	1/8			1/8	1		5	71	B4	4	293
33	33	64	1.5	0	0	2/4	3	1	3/8			1/4	3/2		6	30	F#1	1	315
33	33	64	1.5	0	0	2/4	3	1	3/8			1/4	3/2		6	42	F#2	2	315
33	33	64	1.0	0	0	2/4	2	2	1/4			1/4	1		6	54	F#3	3	312
33	33	64	0.5	0	0	2/4	2	1	1/8			1/8	1		2	62	D4	4	307
33	33	64	0.5	0	0	2/4	2	1	1/8			1/8	1		6	66	F#4	4	307
33	33	129/2	0.25	1/8	1/8	2/4	2	1	1/16			1/16	1		7	61	C#4	4	308
33	33	129/2	0.25	1/8	1/8	2/4	2	1	1/16			1/16	1		4	64	E4	4	308
33	33	259/4	0.25	3/16	3/16	2/4	2	1	1/16			1/16	1		5	59	B3	3	309
33	33	259/4	0.25	3/16	3/16	2/4	2	1	1/16			1/16	1		2	62	D4	4	309
33	33	259/4	0.25	3/16	3/16	2/4	1	1	1/16			1/16	1		5	71	B4	4	304
33	33	65	0.5	1/4	1/4	2/4	2	2	1/8			1/8	1		6	54	F#3	3	313
33	33	65	0.5	1/4	1/4	2/4	2	1	1/8			1/8	1		2	62	D4	4	310
33	33	65	0.5	1/4	1/4	2/4	2	1	1/8			1/8	1		6	66	F#4	4	310
33	33	65	0.5	1/4	1/4	2/4	1	1	1/8			1/8	1		2	74	D5	5	305
33	33	131/2	0.5	3/8	3/8	2/4	3	1	1/8			1/8	1		6	30	F#1	1	316
33	33	131/2	0.5	3/8	3/8	2/4	3	1	1/8			1/8	1		6	42	F#2	2	316
33	33	131/2	0.5	3/8	3/8	2/4	2	2	1/8			1/8	1		4	52	E3	3	314
33	33	131/2	0.5	3/8	3/8	2/4	2	1	1/8			1/8	1		6	54	F#3	3	311
33	33	131/2	0.5	3/8	3/8	2/4	2	1	1/8			1/8	1		7	61	C#4	4	311
33	33	131/2	0.5	3/8	3/8	2/4	1	1	1/8			1/8	1		10	70	A#4	4	306
34	34	66	0.5	0	0	2/4	3	1	1/8			1/8	1		5	35	B1	1	322
34	34	66	0.5	0	0	2/4	3	1	1/8			1/8	1		6	42	F#2	2	322
34	34	66	0.5	0	0	2/4	3	1	1/8			1/8	1		5	47	B2	2	322
34	34	66	0.5	0	0	2/4	2	1	1/8			1/8	1		2	50	D3	3	318
34	34	66	0.5	0	0	2/4	2	1	1/8			1/8	1		6	54	F#3	3	318
34	34	66	0.5	0	0	2/4	2	1	1/8			1/8	1		5	59	B3	3	318
34	34	66	1.0	0	0	2/4	1	1	1/4			1/4	1		5	71	B4	4	317
34	34	133/2	0.5	1/8	1/8	2/4	3	1	1/8			1/8	1		5	35	B1	1	323
34	34	133/2	0.5	1/8	1/8	2/4	2	1	1/8			1/8	1		5	47	B2	2	319
34	34	67	0.5	1/4	1/4	2/4	3	1	1/8			1/8	1		2	38	D2	2	324
34	34	67	0.5	1/4	1/4	2/4	2	1	1/8			1/8	1		2	50	D3	3	320
34	34	135/2	0.5	3/8	3/8	2/4	3	1	1/8			1/8	1		11	41	E#2	2	325
34	34	135/2	0.5	3/8	3/8	2/4	2	1	1/8			1/8	1		11	53	E#3	3	321
35	35	68	0.5	0	0	2/4	3	1	1/8			1/8	1		6	42	F#2	2	331
35	35	68	0.5	0	0	2/4	2	1	1/8			1/8	1		6	54	F#3	3	327
35	35	137/2	0.5	1/8	1/8	2/4	3	1	1/8			1/8	1		1	43	G2	2	332
35	35	137/2	0.5	1/8	1/8	2/4	2	1	1/8			1/8	1		1	55	G3	3	328
35	35	69	0.5	1/4	1/4	2/4	3	1	1/8			1/8	1		5	47	B2	2	333
35	35	69	0.5	1/4	1/4	2/4	2	1	1/8			1/8	1		5	59	B3	3	329
35	35	139/2	0.5	3/8	3/8	2/4	3	1	1/8			1/8	1		2	50	D3	3	334
35	35	139/2	0.5	3/8	3/8	2/4	1	1	1/8			1/8	1		2	62	D4	4	326
35	35	139/2	0.5	3/8	3/8	2/4	2	1	1/8			1/8	1		2	62	D4	4	330
36	36	70	2.0	0	0	2/4	3	1	1/2		1/4_c32_1	1/2	1		6	42	F#2	2	342
36	36	70	2.0	0	0	2/4	3	1	1/2		1/4_c32_2	1/2	1		-3	51	Eb3	3	343
36	36	70	2.0	0	0	2/4	2	1	1/2		1/4_c32_1	1/2	1		0	60	C4	4	340
36	36	70	0.75	0	0	2/4	1	1	3/16			1/8	3/2		3	69	A4	4	335
36	36	70	2.0	0	0	2/4	2	1	1/2		1/4_c32_2	1/2	1		3	69	A4	4	341
36	36	283/4	0.25	3/16	3/16	2/4	1	1	1/16			1/16	1		3	69	A4	4	336
36	36	71	0.5	1/4	1/4	2/4	1	1	1/8			1/8	1		3	69	A4	4	337
36	36	143/2	0.25	3/8	3/8	2/4	1	1	1/16			1/16	1		5	71	B4	4	338
36	36	287/4	0.25	7/16	7/16	2/4	1	1	1/16			1/16	1		3	69	A4	4	339
37	37	72	0.0	0	0	2/4	1	1	0	appoggiatura		1/8	1		3	69	A4	4	344
37	37	72	1.0	0	0	2/4	3	1	1/4			1/4	1		1	43	G2	2	351
37	37	72	1.0	0	0	2/4	3	1	1/4			1/4	1		2	50	D3	3	351
37	37	72	0.5	0	0	2/4	2	1	1/8			1/8	1		5	59	B3	3	348
37	37	72	0.5	0	0	2/4	1	1	1/8			1/8	1		1	67	G4	4	345
37	37	72	0.5	0	0	2/4	2	1	1/8			1/8	1		1	67	G4	4	348
37	37	145/2	0.5	1/8	1/8	2/4	1	1	1/8			1/8	1		1	67	G4	4	346
37	37	73	0.5	1/4	1/4	2/4	3	1	1/8			1/8	1		-3	63	Eb4	4	352
37	37	73	0.5	1/4	1/4	2/4	2	1	1/8			1/8	1		-3	75	Eb5	5	349
37	37	147/2	0.25	3/8	3/8	2/4	3	1	1/16			1/16	1		2	62	D4	4	353
37	37	147/2	0.5	3/8	3/8	2/4	1	1	1/8			1/8	1		5	71	B4	4	347
37	37	147/2	0.25	3/8	3/8	2/4	2	1	1/16			1/16	1		2	74	D5	5	350
38	38	74	2.0	0	0	2/4	3	1	1/2		1/4_c32_1	1/2	1		8	44	G#2	2	361
38	38	74	2.0	0	0	2/4	3	1	1/2		1/4_c32_2	1/2	1		-1	53	F3	3	362
38	38	74	2.0	0	0	2/4	2	1	1/2		1/4_c32_1	1/2	1		2	62	D4	4	359
38	38	74	0.75	0	0	2/4	1	1	3/16			1/8	3/2		5	71	B4	4	354
38	38	74	2.0	0	0	2/4	2	1	1/2		1/4_c32_2	1/2	1		5	71	B4	4	360
38	38	299/4	0.25	3/16	3/16	2/4	1	1	1/16			1/16	1		5	71	B4	4	355
38	38	75	0.5	1/4	1/4	2/4	1	1	1/8			1/8	1		5	71	B4	4	356
38	38	151/2	0.25	3/8	3/8	2/4	1	1	1/16			1/16	1		7	73	C#5	5	357
38	38	303/4	0.25	7/16	7/16	2/4	1	1	1/16			1/16	1		5	71	B4	4	358
39	39	76	0.0	0	0	2/4	1	1	0	appoggiatura		1/8	1		5	71	B4	4	363
39	39	76	1.0	0	0	2/4	3	1	1/4			1/4	1		3	45	A2	2	368
39	39	76	1.0	0	0	2/4	3	1	1/4			1/4	1		4	52	E3	3	368
39	39	76	0.5	0	0	2/4	2	1	1/8			1/8	1		7	61	C#4	4	365
39	39	76	0.5	0	0	2/4	2	1	1/8			1/8	1		3	69	A4	4	365
39	39	76	1.0	0	0	2/4	1	1	1/4			1/4	1		3	69	A4	4	364
39	39	77	0.5	1/4	1/4	2/4	3	1	1/8			1/8	1		-1	65	F4	4	369
39	39	77	0.5	1/4	1/4	2/4	2	1	1/8			1/8	1		-1	77	F5	5	366
39	39	155/2	0.25	3/8	3/8	2/4	3	1	1/16			1/16	1		4	64	E4	4	370
39	39	155/2	0.25	3/8	3/8	2/4	2	1	1/16			1/16	1		4	76	E5	5	367
40	40	78	0.16666666666666666	0	0	2/4	3	1	1/24			1/16	2/3		3	45	A2	2	384
40	40	78	0.16666666666666666	0	0	2/4	2	1	1/24			1/16	2/3		7	49	C#3	3	372
40	40	78	0.16666666666666666	0	0	2/4	2	1	1/24			1/16	2/3		4	52	E3	3	372
40	40	469/6	0.16666666666666666	1/24	1/24	2/4	3	1	1/24			1/16	2/3		3	45	A2	2	385
40	40	469/6	0.16666666666666666	1/24	1/24	2/4	2	1	1/24			1/16	2/3		7	49	C#3	3	373
40	40	469/6	0.16666666666666666	1/24	1/24	2/4	2	1	1/24			1/16	2/3		4	52	E3	3	373
40	40	235/3	0.16666666666666666	1/12	1/12	2/4	3	1	1/24			1/16	2/3		3	45	A2	2	386
40	40	235/3	0.16666666666666666	1/12	1/12	2/4	2	1	1/24			1/16	2/3		7	49	C#3	3	374
40	40	235/3	0.16666666666666666	1/12	1/12	2/4	2	1	1/24			1/16	2/3		4	52	E3	3	374
40	40	157/2	0.16666666666666666	1/8	1/8	2/4	3	1	1/24			1/16	2/3		8	44	G#2	2	387
40	40	157/2	0.16666666666666666	1/8	1/8	2/4	2	1	1/24			1/16	2/3		2	50	D3	3	375
40	40	157/2	0.16666666666666666	1/8	1/8	2/4	2	1	1/24			1/16	2/3		4	52	E3	3	375
40	40	236/3	0.16666666666666666	1/6	1/6	2/4	3	1	1/24			1/16	2/3		8	44	G#2	2	388
40	40	236/3	0.16666666666666666	1/6	1/6	2/4	2	1	1/24			1/16	2/3		2	50	D3	3	376
40	40	236/3	0.16666666666666666	1/6	1/6	2/4	2	1	1/24			1/16	2/3		4	52	E3	3	376
40	40	473/6	0.16666666666666666	5/24	5/24	2/4	3	1	1/24			1/16	2/3		8	44	G#2	2	389
40	40	473/6	0.16666666666666666	5/24	5/24	2/4	2	1	1/24			1/16	2/3		2	50	D3	3	377
40	40	473/6	0.16666666666666666	5/24	5/24	2/4	2	1	1/24			1/16	2/3		4	52	E3	3	377
40	40	79	0.16666666666666666	1/4	1/4	2/4	3	1	1/24			1/16	2/3		1	43	G2	2	390
40	40	79	0.16666666666666666	1/4	1/4	2/4	2	1	1/24			1/16	2/3		7	49	C#3	3	378
40	40	79	0.16666666666666666	1/4	1/4	2/4	2	1	1/24			1/16	2/3		4	52	E3	3	378
40	40	79	0.16666666666666666	1/4	1/4	2/4	2	1	1/24			1/16	2/3		3	57	A3	3	378
40	40	475/6	0.16666666666666666	7/24	7/24	2/4	3	1	1/24			1/16	2/3		1	43	G2	2	391
40	40	475/6	0.16666666666666666	7/24	7/24	2/4	2	1	1/24			1/16	2/3		7	49	C#3	3	379
40	40	475/6	0.16666666666666666	7/24	7/24	2/4	2	1	1/24			1/16	2/3		4	52	E3	3	379
40	40	475/6	0.16666666666666666	7/24	7/24	2/4	2	1	1/24			1/16	2/3		3	57	A3	3	379
40	40	238/3	0.16666666666666666	1/3	1/3	2/4	3	1	1/24			1/16	2/3		1	43	G2	2	392
40	40	238/3	0.16666666666666666	1/3	1/3	2/4	2	1	1/24			1/16	2/3		7	49	C#3	3	380
40	40	238/3	0.16666666666666666	1/3	1/3	2/4	2	1	1/24			1/16	2/3		4	52	E3	3	380
40	40	238/3	0.16666666666666666	1/3	1/3	2/4	2	1	1/24			1/16	2/3		3	57	A3	3	380
40	40	159/2	0.16666666666666666	3/8	3/8	2/4	3	1	1/24			1/16	2/3		6	42	F#2	2	393
40	40	159/2	0.16666666666666666	3/8	3/8	2/4	2	1	1/24			1/16	2/3		7	49	C#3	3	381
40	40	159/2	0.16666666666666666	3/8	3/8	2/4	2	1	1/24			1/16	2/3		4	52	E3	3	381
40	40	159/2	0.16666666666666666	3/8	3/8	2/4	2	1	1/24			1/16	2/3		10	58	A#3	3	381
40	40	159/2	0.5	3/8	3/8	2/4	1	1	1/8			1/8	1		10	70	A#4	4	371
40	40	239/3	0.16666666666666666	5/12	5/12	2/4	3	1	1/24			1/16	2/3		6	42	F#2	2	394
40	40	239/3	0.16666666666666666	5/12	5/12	2/4	2	1	1/24			1/16	2/3		7	49	C#3	3	382
40	40	239/3	0.16666666666666666	5/12	5/12	2/4	2	1	1/24			1/16	2/3		4	52	E3	3	382
40	40	239/3	0.16666666666666666	5/12	5/12	2/4	2	1	1/24			1/16	2/3		10	58	A#3	3	382
40	40	479/6	0.16666666666666666	11/24	11/24	2/4	3	1	1/24			1/16	2/3		6	42	F#2	2	395
40	40	479/6	0.16666666666666666	11/24	11/24	2/4	2	1	1/24			1/16	2/3		7	49	C#3	3	383
40	40	479/6	0.16666666666666666	11/24	11/24	2/4	2	1	1/24			1/16	2/3		4	52	E3	3	383
40	40	479/6	0.16666666666666666	11/24	11/24	2/4	2	1	1/24			1/16	2/3		10	58	A#3	3	383
41	41	80	0.16666666666666666	0	0	2/4	3	1	1/24			1/16	2/3		1	31	G1	1	412
41	41	80	0.16666666666666666	0	0	2/4	3	1	1/24			1/16	2/3		1	43	G2	2	412
41	41	80	0.16666666666666666	0	0	2/4	2	1	1/24			1/16	2/3		5	47	B2	2	400
41	41	80	0.16666666666666666	0	0	2/4	2	1	1/24			1/16	2/3		2	50	D3	3	400
41	41	80	0.16666666666666666	0	0	2/4	2	1	1/24			1/16	2/3		5	59	B3	3	400
41	41	80	0.5	0	0	2/4	1	1	1/8			1/8	1		5	71	B4	4	396
41	41	481/6	0.16666666666666666	1/24	1/24	2/4	3	1	1/24			1/16	2/3		1	31	G1	1	413
41	41	481/6	0.16666666666666666	1/24	1/24	2/4	3	1	1/24			1/16	2/3		1	43	G2	2	413
41	41	481/6	0.16666666666666666	1/24	1/24	2/4	2	1	1/24			1/16	2/3		5	47	B2	2	401
41	41	481/6	0.16666666666666666	1/24	1/24	2/4	2	1	1/24			1/16	2/3		2	50	D3	3	401
41	41	481/6	0.16666666666666666	1/24	1/24	2/4	2	1	1/24			1/16	2/3		5	59	B3	3	401
41	41	241/3	0.16666666666666666	1/12	1/12	2/4	3	1	1/24			1/16	2/3		1	31	G1	1	414
41	41	241/3	0.16666666666666666	1/12	1/12	2/4	3	1	1/24			1/16	2/3		1	43	G2	2	414
41	41	241/3	0.16666666666666666	1/12	1/12	2/4	2	1	1/24			1/16	2/3		5	47	B2	2	402
41	41	241/3	0.16666666666666666	1/12	1/12	2/4	2	1	1/24			1/16	2/3		2	50	D3	3	402
41	41	241/3	0.16666666666666666	1/12	1/12	2/4	2	1	1/24			1/16	2/3		5	59	B3	3	402
41	41	161/2	0.16666666666666666	1/8	1/8	2/4	3	1	1/24			1/16	2/3		1	31	G1	1	415
41	41	161/2	0.16666666666666666	1/8	1/8	2/4	3	1	1/24			1/16	2/3		1	43	G2	2	415
41	41	161/2	0.16666666666666666	1/8	1/8	2/4	2	1	1/24			1/16	2/3		2	50	D3	3	403
41	41	161/2	0.16666666666666666	1/8	1/8	2/4	2	1	1/24			1/16	2/3		1	55	G3	3	403
41	41	161/2	0.16666666666666666	1/8	1/8	2/4	2	1	1/24			1/16	2/3		5	59	B3	3	403
41	41	161/2	0.16666666666666666	1/8	1/8	2/4	2	1	1/24			1/16	2/3		2	62	D4	4	403
41	41	161/2	0.5	1/8	1/8	2/4	1	1	1/8			1/8	1		2	74	D5	5	397
41	41	242/3	0.16666666666666666	1/6	1/6	2/4	3	1	1/24			1/16	2/3		1	31	G1	1	416
41	41	242/3	0.16666666666666666	1/6	1/6	2/4	3	1	1/24			1/16	2/3		1	43	G2	2	416
41	41	242/3	0.16666666666666666	1/6	1/6	2/4	2	1	1/24			1/16	2/3		2	50	D3	3	404
41	41	242/3	0.16666666666666666	1/6	1/6	2/4	2	1	1/24			1/16	2/3		1	55	G3	3	404
41	41	242/3	0.16666666666666666	1/6	1/6	2/4	2	1	1/24			1/16	2/3		5	59	B3	3	404
41	41	242/3	0.16666666666666666	1/6	1/6	2/4	2	1	1/24			1/16	2/3		2	62	D4	4	404
41	41	485/6	0.16666666666666666	5/24	5/24	2/4	3	1	1/24			1/16	2/3		1	31	G1	1	417
41	41	485/6	0.16666666666666666	5/24	5/24	2/4	3	1	1/24			1/16	2/3		1	43	G2	2	417
41	41	485/6	0.16666666666666666	5/24	5/24	2/4	2	1	1/24			1/16	2/3		2	50	D3	3	405
41	41	485/6	0.16666666666666666	5/24	5/24	2/4	2	1	1/24			1/16	2/3		1	55	G3	3	405
41	41	485/6	0.16666666666666666	5/24	5/24	2/4	2	1	1/24			1/16	2/3		5	59	B3	3	405
41	41	485/6	0.16666666666666666	5/24	5/24	2/4	2	1	1/24			1/16	2/3		2	62	D4	4	405
41	41	81	0.16666666666666666	1/4	1/4	2/4	3	1	1/24			1/16	2/3		1	31	G1	1	418
41	41	81	0.16666666666666666	1/4	1/4	2/4	3	1	1/24			1/16	2/3		1	43	G2	2	418
41	41	81	0.16666666666666666	1/4	1/4	2/4	2	1	1/24			1/16	2/3		-3	51	Eb3	3	406
41	41	81	0.16666666666666666	1/4	1/4	2/4	2	1	1/24			1/16	2/3		1	55	G3	3	406
41	41	81	0.16666666666666666	1/4	1/4	2/4	2	1	1/24			1/16	2/3		0	60	C4	4	406
41	41	81	0.16666666666666666	1/4	1/4	2/4	2	1	1/24			1/16	2/3		-3	63	Eb4	4	406
41	41	81	0.75	1/4	1/4	2/4	1	1	3/16			1/8	3/2		-3	75	Eb5	5	398
41	41	487/6	0.16666666666666666	7/24	7/24	2/4	3	1	1/24			1/16	2/3		1	31	G1	1	419
41	41	487/6	0.16666666666666666	7/24	7/24	2/4	3	1	1/24			1/16	2/3		1	43	G2	2	419
41	41	487/6	0.16666666666666666	7/24	7/24	2/4	2	1	1/24			1/16	2/3		-3	51	Eb3	3	407
41	41	487/6	0.16666666666666666	7/24	7/24	2/4	2	1	1/24			1/16	2/3		1	55	G3	3	407
41	41	487/6	0.16666666666666666	7/24	7/24	2/4	2	1	1/24			1/16	2/3		0	60	C4	4	407
41	41	487/6	0.16666666666666666	7/24	7/24	2/4	2	1	1/24			1/16	2/3		-3	63	Eb4	4	407
41	41	244/3	0.16666666666666666	1/3	1/3	2/4	3	1	1/24			1/16	2/3		1	31	G1	1	420
41	41	244/3	0.16666666666666666	1/3	1/3	2/4	3	1	1/24			1/16	2/3		1	43	G2	2	420
41	41	244/3	0.16666666666666666	1/3	1/3	2/4	2	1	1/24			1/16	2/3		-3	51	Eb3	3	408
41	41	244/3	0.16666666666666666	1/3	1/3	2/4	2	1	1/24			1/16	2/3		1	55	G3	3	408
41	41	244/3	0.16666666666666666	1/3	1/3	2/4	2	1	1/24			1/16	2/3		0	60	C4	4	408
41	41	244/3	0.16666666666666666	1/3	1/3	2/4	2	1	1/24			1/16	2/3		-3	63	Eb4	4	408
41	41	163/2	0.16666666666666666	3/8	3/8	2/4	3	1	1/24			1/16	2/3		1	31	G1	1	421
41	41	163/2	0.16666666666666666	3/8	3/8	2/4	3	1	1/24			1/16	2/3		1	43	G2	2	421
41	41	163/2	0.16666666666666666	3/8	3/8	2/4	2	1	1/24			1/16	2/3		6	54	F#3	3	409
41	41	163/2	0.16666666666666666	3/8	3/8	2/4	2	1	1/24			1/16	2/3		3	57	A3	3	409
41	41	163/2	0.16666666666666666	3/8	3/8	2/4	2	1	1/24			1/16	2/3		0	60	C4	4	409
41	41	163/2	0.16666666666666666	3/8	3/8	2/4	2	1	1/24			1/16	2/3		2	62	D4	4	409
41	41	245/3	0.16666666666666666	5/12	5/12	2/4	3	1	1/24			1/16	2/3		1	31	G1	1	422
41	41	245/3	0.16666666666666666	5/12	5/12	2/4	3	1	1/24			1/16	2/3		1	43	G2	2	422
41	41	245/3	0.16666666666666666	5/12	5/12	2/4	2	1	1/24			1/16	2/3		6	54	F#3	3	410
41	41	245/3	0.16666666666666666	5/12	5/12	2/4	2	1	1/24			1/16	2/3		3	57	A3	3	410
41	41	245/3	0.16666666666666666	5/12	5/12	2/4	2	1	1/24			1/16	2/3		0	60	C4	4	410
41	41	245/3	0.16666666666666666	5/12	5/12	2/4	2	1	1/24			1/16	2/3		2	62	D4	4	410
41	41	327/4	0.25	7/16	7/16	2/4	1	1	1/16			1/16	1		-3	75	Eb5	5	399
41	41	491/6	0.16666666666666666	11/24	11/24	2/4	3	1	1/24			1/16	2/3		1	31	G1	1	423
41	41	491/6	0.16666666666666666	11/24	11/24	2/4	3	1	1/24			1/16	2/3		1	43	G2	2	423
41	41	491/6	0.16666666666666666	11/24	11/24	2/4	2	1	1/24			1/16	2/3		6	54	F#3	3	411
41	41	491/6	0.16666666666666666	11/24	11/24	2/4	2	1	1/24			1/16	2/3		3	57	A3	3	411
41	41	491/6	0.16666666666666666	11/24	11/24	2/4	2	1	1/24			1/16	2/3		0	60	C4	4	411
41	41	491/6	0.16666666666666666	11/24	11/24	2/4	2	1	1/24			1/16	2/3		2	62	D4	4	411
42	42	82	0.5	0	0	2/4	3	1	1/8			1/8	1		1	31	G1	1	429
42	42	82	0.5	0	0	2/4	3	1	1/8			1/8	1		1	43	G2	2	429
42	42	82	0.5	0	0	2/4	2	1	1/8			1/8	1		5	59	B3	3	426
42	42	82	0.5	0	0	2/4	2	1	1/8			1/8	1		2	62	D4	4	426
42	42	82	0.5	0	0	2/4	2	1	1/8			1/8	1		1	67	G4	4	426
42	42	82	0.5	0	0	2/4	1	1	1/8			1/8	1		2	74	D5	5	424
42	42	165/2	0.5	1/8	1/8	2/4	3	1	1/8			1/8	1		1	43	G2	2	430
42	42	165/2	0.5	1/8	1/8	2/4	3	1	1/8			1/8	1		2	50	D3	3	430
42	42	165/2	0.5	1/8	1/8	2/4	3	1	1/8			1/8	1		-1	53	F3	3	430
42	42	165/2	0.5	1/8	1/8	2/4	2	1	1/8			1/8	1		2	62	D4	4	427
42	42	165/2	0.5	1/8	1/8	2/4	2	1	1/8			1/8	1		-1	65	F4	4	427
42	42	165/2	0.5	1/8	1/8	2/4	1	1	1/8			1/8	1		5	71	B4	4	425
42	42	165/2	0.5	1/8	1/8	2/4	2	1	1/8			1/8	1		5	71	B4	4	427
42	42	165/2	0.5	1/8	1/8	2/4	2	1	1/8			1/8	1		2	74	D5	5	427
42	42	167/2	0.5	3/8	3/8	2/4	3	1	1/8			1/8	1		1	31	G1	1	431
42	42	167/2	0.5	3/8	3/8	2/4	3	1	1/8			1/8	1		1	43	G2	2	431
42	42	167/2	0.5	3/8	3/8	2/4	2	1	1/8			1/8	1		-1	53	F3	3	428
42	42	167/2	0.5	3/8	3/8	2/4	2	1	1/8			1/8	1		5	59	B3	3	428
42	42	167/2	0.5	3/8	3/8	2/4	2	1	1/8			1/8	1		2	62	D4	4	428
43	43	84	1.5	0	0	2/4	3	1	3/8			1/4	3/2		1	31	G1	1	441
43	43	84	1.5	0	0	2/4	3	1	3/8			1/4	3/2		1	43	G2	2	441
43	43	84	1.0	0	0	2/4	2	2	1/4			1/4	1		4	52	E3	3	438
43	43	84	0.5	0	0	2/4	2	1	1/8			1/8	1		0	60	C4	4	433
43	43	84	0.5	0	0	2/4	2	1	1/8			1/8	1		4	64	E4	4	433
43	43	169/2	0.25	1/8	1/8	2/4	2	1	1/16			1/16	1		2	62	D4	4	434
43	43	339/4	0.25	3/16	3/16	2/4	2	1	1/16			1/16	1		0	60	C4	4	435
43	43	85	0.5	1/4	1/4	2/4	2	2	1/8			1/8	1		4	52	E3	3	439
43	43	85	0.5	1/4	1/4	2/4	2	1	1/8			1/8	1		0	60	C4	4	436
43	43	85	0.5	1/4	1/4	2/4	2	1	1/8			1/8	1		4	64	E4	4	436
43	43	171/2	0.5	3/8	3/8	2/4	3	1	1/8			1/8	1		1	31	G1	1	442
43	43	171/2	0.5	3/8	3/8	2/4	3	1	1/8			1/8	1		1	43	G2	2	442
43	43	171/2	0.5	3/8	3/8	2/4	2	2	1/8			1/8	1		-1	53	F3	3	440
43	43	171/2	0.5	3/8	3/8	2/4	2	1	1/8			1/8	1		5	59	B3	3	437
43	43	171/2	0.5	3/8	3/8	2/4	2	1	1/8			1/8	1		2	62	D4	4	437
43	43	171/2	0.5	3/8	3/8	2/4	1	1	1/8			1/8	1		5	71	B4	4	432
44	44	86	1.5	0	0	2/4	3	1	3/8			1/4	3/2		1	31	G1	1	455
44	44	86	1.5	0	0	2/4	3	1	3/8			1/4	3/2		1	43	G2	2	455
44	44	86	1.0	0	0	2/4	2	2	1/4			1/4	1		4	52	E3	3	452
44	44	86	0.5	0	0	2/4	2	1	1/8			1/8	1		0	60	C4	4	447
44	44	86	0.5	0	0	2/4	2	1	1/8			1/8	1		4	64	E4	4	447
44	44	86	0.75	0	0	2/4	1	1	3/16			1/8	3/2		0	72	C5	5	443
44	44	173/2	0.25	1/8	1/8	2/4	2	1	1/16			1/16	1		2	62	D4	4	448
44	44	347/4	0.25	3/16	3/16	2/4	2	1	1/16			1/16	1		0	60	C4	4	449
44	44	347/4	0.25	3/16	3/16	2/4	1	1	1/16			1/16	1		1	67	G4	4	444
44	44	87	0.5	1/4	1/4	2/4	2	2	1/8			1/8	1		4	52	E3	3	453
44	44	87	0.5	1/4	1/4	2/4	2	1	1/8			1/8	1		0	60	C4	4	450
44	44	87	0.5	1/4	1/4	2/4	2	1	1/8			1/8	1		4	64	E4	4	450
44	44	87	0.5	1/4	1/4	2/4	1	1	1/8			1/8	1		0	72	C5	5	445
44	44	175/2	0.5	3/8	3/8	2/4	3	1	1/8			1/8	1		1	31	G1	1	456
44	44	175/2	0.5	3/8	3/8	2/4	3	1	1/8			1/8	1		1	43	G2	2	456
44	44	175/2	0.5	3/8	3/8	2/4	2	2	1/8			1/8	1		11	53	E#3	3	454
44	44	175/2	0.5	3/8	3/8	2/4	2	1	1/8			1/8	1		5	59	B3	3	451
44	44	175/2	0.5	3/8	3/8	2/4	2	1	1/8			1/8	1		2	62	D4	4	451
44	44	175/2	0.5	3/8	3/8	2/4	1	1	1/8			1/8	1		5	71	B4	4	446
45	45	88	1.5	0	0	2/4	3	1	3/8			1/4	3/2		6	30	F#1	1	468
45	45	88	1.5	0	0	2/4	3	1	3/8			1/4	3/2		6	42	F#2	2	468
45	45	88	1.0	0	0	2/4	2	2	1/4			1/4	1		6	54	F#3	3	465
45	45	88	0.5	0	0	2/4	2	1	1/8			1/8	1		2	62	D4	4	460
45	45	88	0.5	0	0	2/4	2	1	1/8			1/8	1		6	66	F#4	4	460
45	45	177/2	0.25	1/8	1/8	2/4	2	1	1/16			1/16	1		7	61	C#4	4	461
45	45	177/2	0.25	1/8	1/8	2/4	2	1	1/16			1/16	1		4	64	E4	4	461
45	45	355/4	0.25	3/16	3/16	2/4	2	1	1/16			1/16	1		5	59	B3	3	462
45	45	355/4	0.25	3/16	3/16	2/4	2	1	1/16			1/16	1		2	62	D4	4	462
45	45	355/4	0.25	3/16	3/16	2/4	1	1	1/16			1/16	1		2	74	D5	5	457
45	45	89	0.5	1/4	1/4	2/4	2	2	1/8			1/8	1		6	54	F#3	3	466
45	45	89	0.5	1/4	1/4	2/4	2	1	1/8			1/8	1		2	62	D4	4	463
45	45	89	0.5	1/4	1/4	2/4	2	1	1/8			1/8	1		6	66	F#4	4	463
45	45	89	0.5	1/4	1/4	2/4	1	1	1/8			1/8	1		6	78	F#5	5	458
45	45	179/2	0.5	3/8	3/8	2/4	3	1	1/8			1/8	1		6	30	F#1	1	469
45	45	179/2	0.5	3/8	3/8	2/4	3	1	1/8			1/8	1		6	42	F#2	2	469
45	45	179/2	0.5	3/8	3/8	2/4	2	2	1/8			1/8	1		4	52	E3	3	467
45	45	179/2	0.5	3/8	3/8	2/4	2	1	1/8			1/8	1		6	54	F#3	3	464
45	45	179/2	0.5	3/8	3/8	2/4	2	1	1/8			1/8	1		7	61	C#4	4	464
45	45	179/2	0.5	3/8	3/8	2/4	1	1	1/8			1/8	1		10	70	A#4	4	459
46	46	90	0.5	0	0	2/4	3	1	1/8			1/8	1		5	35	B1	1	474
46	46	90	0.5	0	0	2/4	3	1	1/8			1/8	1		6	42	F#2	2	474
46	46	90	0.5	0	0	2/4	2	1	1/8			1/8	1		2	50	D3	3	471
46	46	90	0.5	0	0	2/4	2	1	1/8			1/8	1		6	54	F#3	3	471
46	46	90	0.5	0	0	2/4	2	1	1/8			1/8	1		5	59	B3	3	471
46	46	90	1.0	0	0	2/4	1	1	1/4			1/4	1		5	71	B4	4	470
46	46	181/2	0.5	1/8	1/8	2/4	3	1	1/8			1/8	1		5	35	B1	1	475
46	46	181/2	0.5	1/8	1/8	2/4	3	1	1/8			1/8	1		6	42	F#2	2	475
46	46	91	0.5	1/4	1/4	2/4	2	1	1/8			1/8	1		2	50	D3	3	472
46	46	91	0.5	1/4	1/4	2/4	2	1	1/8			1/8	1		5	59	B3	3	472
46	46	183/2	0.5	3/8	3/8	2/4	2	1	1/8			1/8	1		2	50	D3	3	473
46	46	183/2	0.5	3/8	3/8	2/4	2	1	1/8			1/8	1		5	59	B3	3	473
47	47	92	0.5	0	0	2/4	3	1	1/8			1/8	1		5	35	B1	1	478
47	47	92	0.5	0	0	2/4	3	1	1/8			1/8	1		6	42	F#2	2	478
47	47	185/2	0.5	1/8	1/8	2/4	3	1	1/8			1/8	1		5	35	B1	1	479
47	47	185/2	0.5	1/8	1/8	2/4	3	1	1/8			1/8	1		6	42	F#2	2	479
47	47	93	0.5	1/4	1/4	2/4	2	1	1/8			1/8	1		2	50	D3	3	476
47	47	93	0.5	1/4	1/4	2/4	2	1	1/8			1/8	1		5	59	B3	3	476
47	47	187/2	0.5	3/8	3/8	2/4	2	1	1/8			1/8	1		2	50	D3	3	477
47	47	187/2	0.5	3/8	3/8	2/4	2	1	1/8			1/8	1		5	59	B3	3	477
48	48	94	2.0	0	0	2/4	3	1	1/2			1/2	1		5	35	B1	1	481
48	48	94	2.0	0	0	2/4	3	1	1/2			1/2	1		6	42	F#2	2	481
48	48	94	2.0	0	0	2/4	2	1	1/2			1/2	1		2	50	D3	3	480
48	48	94	2.0	0	0	2/4	2	1	1/2			1/2	1		5	59	B3	3	480
